id,region_id,tipo_delegacion_id,nomenclatura_id,num_delegacional,clave_delegacion,nivel_id,sede_delegacional,fecha_inicio_delegacional,fecha_final_delegacional,direccion_delegacional,cp_delegacional,ciudad_delegacional,estado_delegacional
2,1,1,2,59,D-II-59,36,PANUCO,08/02/2023,08/02/2025,VENUSTIANO CARRANZA,93990,PÁNUCO,VERACRUZ
3,2,1,3,13,D-III-13,19,TUXPAN,10/02/2023,10/02/2026,CUAUHTEMOC 56 COLONIA DEL VALLE,92860,TUXPAN,VERACRUZ
4,2,1,2,20,D-II-20,39,TUXPAN,44971,46067,AV. CUAUHTEMOC NUM. 57 COLONIA DEL VALLE,92,TUXPAN,VERACRUZ
5,4,1,1,77,D-I-77,35,JUCHIQUE DE FERRER,44967,46063,MIGUEL HIDALGO,91440,JUCHIQUE DE FERRER,VERACRUZ
6,2,1,1,94,D-I-94,35,TAMIAHUA,44970,46066,AV. MIGUEL HIDALGO NO. 45 ZONA SUR,92560,TAMIAHUA,VERACRUZ
7,6,1,1,08,D-I-08,35,CARDEL,44964,46060,ENRIQUE C. RÉBSAMEN #55 COL. MAGISTERIAL,91653,JOSÉ CARDEL,VERACRUZ
8,2,1,1,09,D-I-09,35,CERRO AZUL,44967,46063,CARRETERA CERRO AZUL LOC. LA MORA,92540,CERRO AZUL,VERACRUZ
9,2,1,2,22,D-II-22,39,NARANJOS,44971,46067,CALLE CHONTLA  S/N. FRACCIONAMIENTO NUEVO NARANJOS,92310,NARANJOS AMATLÁN,VERACRUZ
10,7,1,2,31,D-II-31,39,COSCOMATEPEC,44972,46068,PRIVADA 2 NORTE SN,94470,FORTÍN,VERACRUZ
11,1,1,2,35,D-II-35,39,TANTOYUCA,44974,46070,"AV. REVOLUCIÓN S/N, COL. 10 DE MAYO",92122,TANTOYUCA,VERACRUZ
12,2,1,2,53,D-II-53,22,TUXPAN,44971,46067,"CUAUHTEMOC  #56, COL DEL VALLE",92800,TUXPAN,VERACRUZ
13,2,1,1,57,D-I-57,35,TUXPAN,44967,46063,AV. CUAUHTEMOC NO. 56 COL. DEL VALLE,92870,TUXPAN,VERACRUZ
14,2,1,1,35,D-I-35,35,NARANJOS,44967,46063,"CHONTLA S/N FRACCIONAMIENTO NUEVO NARANJOS, NARANJOS.",92310,NARANJOS AMATLÁN,VERACRUZ
15,2,1,1,19,D-I-19,35,CHONTLA,44972,46068,CALLE LIBERTAD S/N,92200,CHONTLA,VERACRUZ
16,2,1,1,38,D-I-38,35,OZULUAMA,44970,46066,"PASEO DEL VICHÍN S/N, ZONA CENTRO",92080,OZULUAMA,VERACRUZ
17,1,1,1,71,D-I-71,35,BENITO JUAREZ,44972,46068,"CALLE HIDALGO S/N, COL. CENTRO",92661,BENITO JUAREZ,VERACRUZ
18,2,1,1,80,D-I-80,34,TUXPAN,44970,46066,"AV. CUAUHTEMOC 57, COLONIA DEL VALLE",92875,TUXPAN,VERACRUZ
19,1,1,2,50,D-II-50,39,TEMPOAL,44974,45705,REPSAMEN # 4 COLONIA LA COBACHA,92065,TEMPOAL,VERACRUZ
20,4,1,2,34,D-II-34,39,MISANTLA,44970,46066,"C. DEL  POCITO S/N, ESQ. MANUEL RIVERA COL. 20 DE NOVIEMBRE",93821,MISANTLA,VERACRUZ
21,5,1,1,60,D-I-60,34,XALAPA,44974,46070,XANATI 72 MARCO ANTONIO MUÑOZ,91916,XALAPA,VERACRUZ
22,6,1,1,43,D-I-43,35,PIEDRAS NEGRAS,44966,46062,"COL. CENTRO PIEDRAS NEGRAS, TLALIXCOYAN.",95226,PIEDRAS NEGRAS,VERACRUZ
23,4,1,1,93,D-I-93,35,VEGA DE LA TORRE,44967,46063,IGNACIO ZARAGOZA 206 COLONIA CENTRO,93960,VEGA DE ALATORRE,VERACRUZ
24,4,1,3,15,D-III-15,19,MARTINEZ DE LA TORRE,44970,46066,RIVERA DEL RIO NO. 103 COLONIA EL MIRADOR,93600,MARTINEZ DE LA TORRE,VERACRUZ
25,9,1,2,12,D-II-12,37,TLACOTALPAN,44966,46062,PROLONGACIÓN JOSÉ MARÍA IGLESIAS S/N  COL. SAHOP,95460,TLACOTALPAN,VERACRUZ
26,4,1,1,74,D-I-74,35,TLAPACOYAN,44970,46065,PROLONGACIÓN ABASOLO S/N COL. MANUEL ALBERTO FERRER,93650,TLAPACOYAN,VERACRUZ
27,4,1,2,32,D-II-32,39,MARTINEZ DE LA TORRE,44970,46066,"RIBERA RÍO BOBOS NO. 103, COL. MIRADOR",93607,MARTÍNEZ DE LA TORRE,VERACRUZ
28,4,1,2,42,D-II-42,40,MARTINEZ DE LA TORRE,44970,46066,"EDIFICIO SINDICAL SITIO RIO BOBOS #109, COL. EL MIRADOR",93600,MARTÍNEZ DE LA TORRE,VERACRUZ
29,1,1,2,37,D-II-37,40,TANTOYUCA,44964,46059,EDIFICIO SINDICAL AV.REVOLUCIÓN S/N COLONIA 10 DE MAYO,92100,TANTOYUCA,VERACRUZ
30,4,1,2,48,D-II-48,39,SAN RAFAEL,44967,46063,DOMICILIO CONOCIDO. COLONIA CENTRO,93620,SAN RAFAEL,VERACRUZ
31,4,1,1,30,D-I-30,35,MARTINEZ DE LA TORRE,44967,46063,RIVERA DEL RIÓ #103 COL. MIRADOR,93600,MARTINEZ DE LA TORRE,VERACRUZ
32,4,1,1,33,D-I-33,35,MISANTLA,44967,46063,CALLE POSITO S/N COL. 20 DE NOVIEMBRE,93821,MISANTLA,VERACRUZ
33,9,1,2,14,D-II-14,6,ALVARADO,44968,46064,PARQUE 15 DE OCTUBRE,95270,ALVARADO,VERACRUZ
34,6,1,1,58,D-I-58,35,VERACRUZ,44972,46068,MIGUEL HIDALGO 515 COL. CENTRO,91700,VERACRUZ,VERACRUZ
35,6,1,3,18,D-III-18,19,CARDEL,44966,46062,AVENIDA ROBLES 37 COL GRAL. VICENTE GUERRERO,91680,CARDEL,VERACRUZ
36,9,1,1,79,D-I-79,34,ALVARADO,44965,46061,PARQUE 15 DE OCTUBRE S/N CENTRO,95270,ALVARADO,VERACRUZ
37,7,1,1,23,D-I-23,35,HUATUSCO,44964,46060,CALLE 11 SUR S/N ENTRE AV 7 Y 9,94100,HUATUSCO DE CHICUELLAR,VERACRUZ
38,5,1,2,58,D-II-58,39,XALAPA,44970,46125,,0,XALAPA,VERACRUZ
39,7,1,1,66,D-I-66,27,CORDOBA,44970,46066,FRACCIONAMIENTO VISTA HERMOSA  AV NARDO #3520  ENTRE CALLES TULIPÁN Y JAZMÍN,94677,CÓRDOBA,VERACRUZ
40,4,1,1,88,D-I-88,34,MARTINEZ DE LA TORRE,44967,46063,RIVERA DEL RIO  NO.103 EL MIRADOR,93600,MARTINEZ DE LA TORRE,VERACRUZ
41,8,1,1,78,D-I-78,34,ORIZABA,44967,46063,SUR 6 331,94370,ORIZABA,VERACRUZ
42,10,1,1,48,D-I-48,35,SAN ANDRES TUXTLA,44967,46059,ARTIGAS 287,95700,SAN ANDRÉS TUXTLA,VERACRUZ
43,7,1,1,36,D-I-36,35,OMEALCA,44966,46062,CALLE JOSE MARIA MORELOS,94900,OMEALCA,VERACRUZ
44,7,1,1,14,D-I-14,30,CORDOBA,44965,46061,"CALLE 21, ENTRE AVENIDA 11 Y 9 COLONIA HUILANGO",94640,CÓRDOBA,VERACRUZ
45,10,1,1,25,D-I-25,35,ISLA,44970,44974,NARCISO MENDOZA SUR 117 COL. MARIANO AGUIRRE USCANGA,95645,ISLA,VERACRUZ
46,9,1,2,29,D-II-29,32,TLACOTALPAN,44966,46062,PROLONGACIÓN VENUSTIANO CARRANZA S/N,95460,TLACOTALPAN,VERACRUZ
47,10,1,2,16,D-II-16,39,SAN ANDRES TUXTLA,44967,46063,"CALLE DR.  ARTIGAS # 297, COLONIA CENTRO",95700,SAN ANDRÉS TUXTLA,VERACRUZ
48,5,1,1,84,D-I-84,38,XALAPA,44970,46066,SEASTIAN CAMACHO 59,91000,XALAPA,VERACRUZ
49,10,1,1,45,D-I-45,35,PLAYA VICENTE,44970,46066,JUAN DE LA LUZ ENRIQUEZ S/N. COL. LAS PALMAS,95600,PLAYA VICENTE,VERACRUZ
50,10,1,2,28,D-II-28,39,ISLA,44970,46066,C. LUIS DONALDO COLOSIO,95674,EL BLANCO,VERACRUZ
51,9,1,2,10,D-II-10,37,ALVARADO,44964,46060,NETZAHULCOYOTL,95270,ALVARADO,VERACRUZ
52,9,1,1,63,D-I-63,34,COSAMALOAPAN,44965,46061,NICOLAS BRAVO S/N,95390,COSAMALOAPAN,VERACRUZ
53,10,1,1,29,D-I-29,35,LERDO DE TEJADA,44970,46066,"GUADALUPE VICTORIA #12, COL. CENTRO",95280,LERDO DE TEJADA,VERACRUZ
54,10,1,1,89,D-I-89,34,ISLA,44970,46066,GUADALUPE VICTORIA S/N,95640,ISLA,VERACRUZ
55,10,1,2,51,D-II-51,39,SANTIAGO TUXTLA,44967,46063,"CALLE 25 DE OCTUBRE S/N, BARRIO SUR",95841,ANGEL R. CABADA,VERACRUZ
56,10,1,1,68,D-I-68,35,SANTIAGO TUXTLA,44967,46063,MAGDA MORENO DE CARVAJAL COL. BARRIO BUENA VISTA,95830,SANTIAGO TUXTLA,VERACRUZ
57,8,1,1,37,D-I-37,35,IXTACZOQUITLAN,44966,46062,"NORTE 2, EDIFICIO PARROQUIA 2° PISO DEPT. 4, COL. CENTRO",94300,ORIZABA,VERACRUZ
58,5,1,3,04,D-III-04,1,XALAPA,44966,46062,MANUEL DE BOZA 38,91030,DEL MAESTRO,VERACRUZ
59,5,1,2,21,D-II-21,39,XALAPA,44972,46068,"GOBERNADOR EMPARAN NO. 55 ESQUINA PRIMAVERA, COLONIA TATAHUICAPAN",91060,XALAPA,VERACRUZ
60,7,1,2,09,D-II-09,24,CORDOBA,44964,44964,AVENIDA 11 NO. 2800 COLONIA LOS MAESTROS,94550,CÓRDOBA,VERACRUZ
61,5,1,2,46,D-II-46,39,XALAPA,44964,46059,CALLE JOSÉ EMPARAN  NO. 55 ESQUINA CALLLE PRIMAVERA,91060,XALAPA,VERACRUZ
62,10,1,1,41,D-I-41,34,SAN ANDRES TUXTLA,44967,46063,CALLE DOCTOR RAFAEL ARTIGAS  NO 297. COLONIA CENTRO.,95710,SAN ANDRÉS TUXTLA,VERACRUZ
63,8,1,1,65,D-I-65,35,ZONGOLICA,44967,46063,"ZONGOLICA,VER",95000,ZONGOLICA,VERACRUZ
64,8,1,1,55,D-I-55,35,SAN JUAN TEXHUACAN,44970,46066,SAN JUAN TEXHUACAN,95070,TEXHUACAN,VERACRUZ
65,8,1,1,10,D-I-10,35,CIUDAD MENDOZA,44967,46063,IGNACIO ZARAGOZA   NO.7      ENTRE MARTIRES DE CHICAGO Y RAFAEL DELGADO    COL. AGUILA,94740,MENDOZA,VERACRUZ
66,8,1,1,54,D-I-54,35,TEQUILA,44970,46066,AV. INSURGENTES S/N COL. CENTRO,94840,TEQUILA,VERACRUZ
67,5,1,3,01,D-III-01,31,XALAPA,44966,46062,"CALLE XANATI 8, COL ELECTRICISTAS",91060,XALAPA,VERACRUZ
68,7,1,3,11,D-III-11,19,CORDOBA,44964,46425,AV. LOS PINOS #62A SHANGRILA SANTA LETICIA,94470,FORTIN DE LAS FLORES,VERACRUZ
69,5,1,1,05,D-I-05,35,ALTOTONGA,44966,46062,"PROLONGACION DE ALLENDE NO. 101, BARRIO DE ATALPAS",93700,ALTOTONGA,VERACRUZ
70,5,1,1,92,D-I-92,20,XALAPA,44965,46061,,0,,VERACRUZ
71,1,1,1,90,D-I-90,34,TANTOYUCA,44965,46061,,92101,TANTOYUCA,VERACRUZ
72,1,1,1,87,D-I-87,35,IXCATEPEC,44972,46066,C. VICENTE GUERRERO SIN NUMERO. PRIMERA SECCIÓN.,92270,IXCATEPEC,VERACRUZ
73,8,1,2,17,D-II-17,40,ORIZABA,44966,46062,CALLE FRESNO #108 COL. PRADO,94740,CAMERINO Z. MENDOZA,VERACRUZ
74,8,1,2,26,D-II-26,39,ORIZABA,44972,46069,"NORTE2 #192, DEPARTAMENTO 4, OFICINA 2B, COLONIA: CENTRO",94300,ORIZABA,VERACRUZ
75,8,1,1,03,D-I-03,35,ACULTZINGO,44967,46063,SALVADOR GONZALO GARCÍA 1205. COL. SIDAR.,94745,CD. MENDOZA,VERACRUZ
76,9,1,2,27,D-II-27,39,TIERRA BLANCA,44972,46068,CALLE MORELOS ESQUINA AGRARISTA. COL. HOJA DEL MAÍZ.,95110,TIERRA BLANCA,VERACRUZ
77,8,1,3,05,D-III-05,19,ORIZABA,44970,46066,,0,,VERACRUZ
78,1,1,1,91,D-I-91,34,PANUCO,44966,46062,CALLE AYUNTAMIENTO COL. BURÓCRATA,93998,PÁNUCO,VERACRUZ
79,1,1,1,44,D-I-44,35,PLATON SANCHEZ,44964,46060,,93148,PLATON SÁNCHEZ,VERACRUZ
80,5,1,3,16,D-III-16,19,COATEPEC,44966,46062,JUAN SOTO #88,91270,COATEPEC,VERACRUZ
81,7,1,1,64,D-I-64,34,CORDOBA,44964,46060,AVENIDA 10 PRIVADA CALLES 20 Y 16,94510,CÓRDOBA,VERACRUZ
82,5,1,2,38,D-II-38,40,XALAPA,44964,46060,,0,XALAPA,VERACRUZ
83,5,1,2,13,D-II-13,32,XALAPA,44967,46063,AV.XALAPA S/N,91010,XALAPA,VERACRUZ
84,1,1,1,51,D-I-51,35,TANTOYUCA,44965,46061,REVOLUCIÓN ESQ. CON CARRETERA NACIONAL MEXICO-TUXPAN COL. REFORMA,92101,TANTOYUCA,VERACRUZ
85,5,1,2,15,D-II-15,15,XALAPA,44964,46060,BENITO JUÁREZ 57,91000,XALAPA,VERACRUZ
86,1,1,1,52,D-I-52,35,TEMPOAL,44964,46060,CLLE.URSULO GALVAN ESQ.AV.5 DE MAYO S/N COLONIA 20 DE NOVIEMBRE,92061,TEMPOAL,VERACRUZ
87,5,1,3,08,D-III-08,4,XALAPA,44967,46062,PASAJE REVOLUCIÓN ALTOS S/N,91000,XALAPA,VERACRUZ
88,5,1,2,24,D-II-24,42,XALAPA,44966,46062,"AV. JUSTINO SARMIENTO S/N, ENTRE AV. AMÉRICAS Y CALLE PICO DE ORIZABA. COLONIA LADERA DEL MACUILTEPETL",91133,XALAPA,VERACRUZ
89,6,1,1,07,D-I-07,35,BOCA DEL RIO,44964,46060,CALLE ELECTRICISTAS NO. 244,91918,VERACRUZ,VERACRUZ
90,1,1,1,39,D-I-39,35,PANUCO,44965,46061,COL. BUROCRATA CALLE AYUNTAMIENTO,93998,PÁNUCO,VERACRUZ
91,1,1,3,17,D-III-17,19,TANTOYUCA,44964,46060,CALLE NIÑOS HÉROES 413,92127,TANTOYUCA,VERACRUZ
92,9,1,2,43,D-II-43,6,ALVARADO,44964,46059,NEZAHUALCÓYOTL 8,95270,ALVARADO,VERACRUZ
93,9,1,1,06,D-I-06,35,ALVARADO,44964,46060,PARQUE 15 DE OCTUBRE COL CENTRO,95270,ALVARADO,VERACRUZ
94,5,1,2,03,D-II-03,7,XALAPA,44971,46067,AV. ADOLFO RUIZ CORTINES 2901 COL. UNIDAD MAGISTERIAL,91010,XALAPA,VERACRUZ
95,9,1,1,56,D-I-56,35,TIERRA BLANCA,44966,46062,CALLE MORELOS ESQUINA AGRARISTA. COL. HOJA DEL MAÍZ.,95110,TIERRA BLANCA,VERACRUZ
96,5,1,1,81,D-I-81,34,COATEPEC,44970,46066,JUAN SOTO # 88,91500,COATEPEC,VERACRUZ
97,5,1,1,61,D-I-61,30,XALAPA,44971,46067,"CALLE JOSE MARIA PINO SUÁREZ NO. 5, ZONA CENTRO.",91000,XALAPA,VERACRUZ
98,1,1,1,72,D-I-72,35,PUEBLO VIEJO,44964,46060,,0,,VERACRUZ
99,5,1,1,53,D-I-53,35,TEOCELO,44967,46063,MATAMOROS 4,91615,TEOCELO,VERACRUZ
100,5,1,3,03,D-III-03,2,XALAPA,44967,46063,SEBASTIAN CAMACHO NO. 59,91000,XALAPA,VERACRUZ
101,5,1,1,11,D-I-11,35,COATEPEC,44965,46061,JUAN SOTO #88 COL. CENTRO,91500,COATEPEC,VERACRUZ
102,5,1,1,34,D-I-34,35,NAOLINCO,44964,46119,MORELOS # 18 COL. CENTRO,91400,NAOLINCO,VERACRUZ
103,5,1,3,24,D-III-24,3,XALAPA,44965,46062,MURILLO VIDAL S/N,91000,XALAPA,VERACRUZ
104,5,1,1,75,D-I-75,35,CARRIZAL,44967,46063,,91630,VILLA EMIIANO ZAPATA (CARRIZAL),VERACRUZ
105,5,1,3,23,D-III-23,19,XALAPA,44965,46060,"JOSÉ MA. PINO SUÁREZ 4, COLONIA CENTRO",91000,XALAPA,VERACRUZ
106,5,1,1,20,D-I-20,35,EMILIANO ZAPATA,44967,46063,EDIFICIO XANATI S/N MARCO ANTONIO MUÑOZ,91060,XALAPA,VERACRUZ
107,5,1,2,04,D-II-04,14,XALAPA,44965,46061,,,,
108,5,2,4,18,D-IV-18,29,ALTOTONGA,44964,46060,PROLONGACION IGNACIO ALLENDE  NO 5,93700,ALTOTONGA,VERACRUZ
109,2,2,4,09,D-IV-09,29,TUXPAN,45009,46105,CUAUHTÉMOC # 56 COL. DEL VALLE,92875,TUXPAN,VERACRUZ
110,4,2,4,28,D-IV-28,29,MISANTLA,45007,45016,"C. DEL POCITO S/N ESQ. MANUEL RIVERA, COL. 20 DE NOVIEMBRE",93828,MISANTLA,VERACRUZ
111,4,2,4,08,D-IV-08,29,MARTINEZ DE LA TORRE,45009,46105,C. RIO BOBOS #109 VOL. EL MIRADOR,93600,MARTINEZ DE LA TORRE,VERACRUZ
112,6,2,4,05,D-IV-05,29,SOLEDAD DE DOBLADO,45009,46105,FRANCISCO JAVIER MINA S/N,94244,SOLEDAD DE DOBLADO,VERACRUZ
113,10,2,4,03,D-IV-03,29,SAN ANDRES TUXTLA,45009,46105,DR. ARTIAGAS #297,95700,SAN ANDRES TUXTLA,VERACRUZ
114,10,2,4,26,D-IV-26,29,ISLA,44973,46069,"CALLE  GUADALUPE VICTORIA  S/N , COL. CENTRO.",95641,ISLA,VERACRUZ
115,9,2,4,06,D-IV-06,29,COSAMALOAPAN,44965,46061,AV. MANUEL CARPIO 402,95400,COSAMALOAPAN,VERACRUZ
116,8,2,4,32,D-IV-32,29,ZONGOLICA,44970,46066,PROLONGACIÓN DE BENITO JUÁREZ S/N.,95000,ZONGOLICA,VERACRUZ
117,8,2,4,07,D-IV-07,29,ORIZABA,44967,46063,SUR 6 NO. 631,94300,ORIZABA,VERACRUZ
118,5,2,4,17,D-IV-17,29,COATEPEC,44964,46060,JUAN SOTO #88 COL. CENTRO,91500,COATEPEC,VERACRUZ
119,7,2,4,16,D-IV-16,29,CORDOBA,44965,46061,AV. SAN MARCIAL NO. 42 COL. SANTA LETICIA,94476,FORTIN,VERACRUZ
120,9,2,4,21,D-IV-21,29,ALVARADO,44964,45695,PARQUE 15 DE OCTUBRE # 1,95270,ALVARADO,VERACRUZ
121,5,2,4,02,D-IV-02,29,XALAPA,44970,46066,XANATI 82. COL MARCO ANTONIO MUÑOZ,91060,XALAPA,VERACRUZ
122,1,2,4,13,D-IV-13,29,TANTOYUCA,44970,46066,"CALLE LAS FLORES #55, COL. RUIZ CORTINES",92123,TANTOYUCA,VERACRUZ
123,4,3,5,05,C.T.05,25,MISANTLA,44971,46067,KM. 2.5 CARRETERA MISANTLA- MARTÍNEZ. COLONIA MARCO ANTONIO MUÑOZ T.,93820,MISANTLA,VERACRUZ
124,5,3,5,23,C.T.23,12,XALAPA,44968,45699,ESC BACH. MAESTRO JOAQUIN RAMIEZ MIXTO MARIA ENRIQUETA  3,91500,COATEPEC,VERACRUZ
125,4,3,5,09,C.T.09,36,SAN RAFAEL,44971,46067,"AV. JUAN DE DIOS PEZA, ESQ. DOROTEO ARANGO, COL. 13 DE DICIEMBRE.",93620,SAN RAFAEL,VERACRUZ
126,8,3,5,13,C.T.13,36,CIUDAD MENDOZA,44967,46063,CALLE JUSTO SIERRA SIN NÚMERO,94744,CAMERINO Z. MENDOZA,VERACRUZ
127,4,3,5,29,C.T.29,6,MARTINEZ DE LA TORRE,44971,46067,BOULEVARD RAFAEL MARTINEZ DE LA TORRE S/N COL EJIDAL,93600,MARTINEZ DE LA TORRE,VERACRUZ
128,10,3,5,36,C.T.36,37,SANTIAGO TUXTLA,44967,46063,PROLONGACIÓN PRIMERO DE MAYO S/N COL. PENJAMO,95830,SANTIAGO TUXTLA,VERACRUZ
129,5,3,5,20,C.T.20,5,XALAPA,44968,46064,AV. RUIZ CORTINAS 2901,91010,XALAPA,VERACRUZ
130,5,3,5,03,C.T.03,13,XALAPA,44968,46064,JOSE MA.PINO SUAREZ 4 COL. CENTRO,91000,XALAPA ENRIQUEZ,VERACRUZ
131,5,3,5,21,C.T.21,9,XALAPA,44968,46064,"CIRCUITO GONZALO AGUIRRE BELTRAN, LOMAS DEL ESTADIO.",91000,XALAPA,VERACRUZ
132,8,3,5,14,C.T.14,6,ORIZABA,44967,46063,NORTE 4 NO. 4 ENTRE AV. COLÓN Y ORIENTE 3,94300,ORIZABA,VERACRUZ
133,6,3,5,10,C.T.10,36,SOLEDAD DE DOBLADO,44965,46061,VICENTE GUERRERO #105,94240,SOLEDAD DE DOBLADO,VERACRUZ
134,8,3,5,40,C.T.40,39,ZONGOLICA,44973,46068,CALLE BENITO JUÁREZ S/N,0,ZONGOLICA,VERACRUZ
135,6,3,5,32,C.T.32,36,CARDEL,44966,45697,EMILIANO ZAPATA 15,91680,JOSÉ CARDEL,VERACRUZ
136,1,3,5,07,C.T.07,36,IXCATEPEC,44966,45697,ART. 3° CON FCO. P. MARIEL 2A SECCION,92270,IXCATEPEC,VERACRUZ
137,6,3,5,31,C.T.31,42,VERACRUZ,44968,46064,"CALLE BAHAMAS NÚM. 2222 PASEO FLORESTA ORIENTE HAITÍ, COL. LAS ANTILLAS,(ESC. SEC. TÉC. NO. 123)",91940,VERACRUZ,VERACRUZ
138,5,3,5,33,C.T.33,33,XALAPA,44965,46060,BLVD. CULTURAS VERACRUZANAS 752,91010,XALAPA,VERACRUZ
139,5,1,2,55,D-II-55,39,XALAPA,45600,46694,"CALLE GOBERNADOR EMPARAN NO. 55, ESQUINA PRIMAVERA, COL. TATAHUICAPAN",91060,XALAPA,VERACRUZ
140,5,3,5,24,C.T.24,17,XALAPA,44964,46060,CALLE RÍO TECOLUTLA #33 COL. CUAUHTÉMOC,91069,XALAPA,VERACRUZ
141,11,1,1,28,D-I-28,35,JESUS CARRANZA,44972,46068,HIDALGO SUR 23-B,96150,SAYULA DE ALEMSN,VERACRUZ
142,11,1,1,02,D-I-02,35,ACAYUCAN,44972,46068,AV.MIGUEL HIDALGO 1710      BARRIO LA PALMA,96056,ACAYUCAN,VERACRUZ
143,3,1,2,25,D-II-25,39,ESPINAL,45744,46099,ESPINAL S/N,93180,ESPINAL,VERACRUZ
144,11,1,1,31,D-I-31,27,MINATITLAN,44971,46067,COLONIA CUALIPAN,96710,MINATITLAN,VERACRUZ
145,11,1,1,17,D-I-17,35,COSOLEACAQUE,44972,46068,QUETZALCOATL # 2 CONJUNTO HABITACIONAL CUALIPAN,96734,MINATITLAN,VERACRUZ
146,3,1,1,26,D-I-26,35,IXHUATLAN DE MADERO,44965,46061,16 DE SEPTIEMBRE S/N BARRIO POCHOCO,92680,IXHUATLAN DE MADERO,VERACRUZ
147,1,1,2,01,D-II-01,32,ACECECA,44972,46068,CARRETERA PLATÓN SANCHEZ SIN NÚMERO,0,TANTOYUCA,VERACRUZ
148,3,1,2,54,D-II-54,40,ALAMO,45334,46083,"FELIPE ÁNGELES, COLONIA AVIACIóN",92730,ÁLAMO TEMAPACHE,VERACRUZ
149,11,1,1,01,D-I-01,35,ACAYUCAN,44970,46066,RAMÓN CORONA,96290,JÁLTIPAN,VERACRUZ
150,3,1,1,83,D-I-83,34,POZA RICA,44966,46062,NARCISO MENDOZA  COL TAJIN,93310,POZA RICA DE HGO VERACRUZ,VERACRUZ
151,7,1,3,21,D-III-21,19,HUATUSCO,44972,46068,ESCUELA PRIMARIA MATUTINA NICOLÁS BRAVO. CALLE GRAL. NICOLÁS BRAVO # 41. COLONIA CENTRO.,94100,COSCOMATEPEC,VERACRUZ
152,7,1,1,22,D-I-22,35,FORTIN,44965,44965,PRIVADA 2A NORTE DEL CENTRO DE FORTIN,0,FORTIN,VERACRUZ
153,11,1,1,86,D-I-86,18,ACAYUCAN,44973,46069,SIN DIRECCION,96010,ACAYUCAN,VERACRUZ
154,3,1,1,69,D-I-69,35,TIHUATLAN,44964,46062,MAESTROS VERACRUZANOS S/N COL. MAGISTERIAL,92900,TIHUATLAN,VERACRUZ
155,7,1,1,16,D-I-16,35,COSCOMATEPEC,44964,46060,CALLE REFORMA S/N ( 1RA. PRIVADA ),94140,COSCOMATEPEC,VERACRUZ
156,3,1,2,47,D-II-47,39,PAPANTLA,44965,46061,SALIDA A LA CONCHA # 309. COLONIA 10 DE ABRIL.,93429,PAPANTLA,VERACRUZ
157,3,1,3,12,D-III-12,19,POZA RICA,44971,46067,"LAS FLORES 124, COLONIA SANTA EMILIA",93210,POZA RICA DE HIDALGO,VERACRUZ
158,11,1,2,44,D-II-44,39,ACAYUCAN,44971,46066,ESFUERZO 8,96250,JALTIPAN,VERACRUZ
159,11,1,2,52,D-II-52,40,COATZACOALCOS,44972,46068,5 DE FEBRERO #67 COLONIA SANTA CLARA,96730,MINATITLAN,VERACRUZ
160,11,1,2,23,D-II-23,36,COATZACOALCOS,44972,46068,AND. KUMIAI 6. COL. FOVISSSTE 2,96537,COATZACOALCOS,VERACRUZ
161,3,1,1,24,D-I-24,35,HUAYACOCOTLA,44966,46062,CALLE CAMPO DEPORTIVO LAZARO CÁRDENAS,92600,HUAYACOCOTLA,VERACRUZ
162,3,1,1,40,D-I-40,35,PAPANTLA,44964,46060,SALVADOR DÍAZ MIRÓN CON CALLE CARRIL,93400,PAPANTLA,VERACRUZ
163,3,1,1,21,D-I-21,35,ESPINAL,44964,46060,CALLE PROGRESO S/N COLONIA CENTRO,93180,ESPINAL,VERACRUZ
164,3,1,1,85,D-I-85,34,PAPANTLA,44966,46062,SALVADOR DÍAZ MIRÓN ESQUINA CARRIL,93400,PAPANTLA,VERACRUZ
165,3,1,1,46,D-I-46,35,POZA RICA,44971,46067,NARCISO MENDOZA 112 COLONIA TAJIN,93330,POZA RICA,VERACRUZ
166,3,1,1,67,D-I-67,35,GUTIERREZ ZAMORA,44966,46062,"CALLE ABASOLO  #44, COL. CENTRO",93556,GUTIÉRREZ ZAMORA,VERACRUZ
167,11,1,1,12,D-I-12,27,COATZACOALCOS,44974,46070,JUAN ALVAREZ MOD. O DPTO. 102 PLAYA SOL,96518,COATZACOALCOS VERACRUZ,VERACRUZ
168,3,1,2,41,D-II-41,40,POZA RICA,44964,46060,NARCISO MENDOZA #112 COL. TAJIN,93330,POZA RICA DE HIDALGO,VERACRUZ
169,3,1,2,19,D-II-19,39,ALAMO,44964,46060,CALLE TALLERES COLONIA TALLERES,92730,ÁLAMO TEMAPACHE,VERACRUZ
170,11,1,1,49,D-I-49,35,SAYULA DE ALEMAN,44971,46067,HIDALGO NORTE S/N,96150,SAYULA DE ALEMAN,VERACRUZ
171,11,1,1,59,D-I-59,34,ACAYUCAN,44974,46070,PROLONGACION LERDO #109 INTERIOR ENTRE LAS FLORES Y VAZQUEZ GOMEZ COL. VILLALTA,9026,ACAYUCAN,VERACRUZ
172,11,1,2,45,D-II-45,39,COATZACOALCOS,44972,46068,CUAUHTÉMOC 608,96400,COATZACOALCOS,VERACRUZ
173,11,1,3,22,D-III-22,19,COATZACOALCOS,44974,46070,LUCAS ALAMAN 1000-4 COL. BENITO JUAREZ NORTE,96576,COATZACOALCOS,VERACRUZ
174,11,1,1,32,D-I-32,30,MINATITLAN,44971,46067,QUETZALCOATL #2,96729,CUALIPAN,VERACRUZ
175,1,1,1,18,D-I-18,35,CHICONTEPEC,44972,46068,LIBERTAD S/N,92700,CHICONTEPEC,VERACRUZ
176,3,1,2,57,D-II-57,39,HUAYACOCOTLA,44966,46062,CALLE LAZARO CARDENAS A UN LADO DEL DEPORTIVO,92600,"HUAYACOCOTLA,VER.",VERACRUZ
177,7,1,1,76,D-I-76,35,TOTUTLA,44964,46062,AV. VENUSTIANO CARRANZA,94050,TOTUTLA,VERACRUZ
178,7,1,1,42,D-I-42,35,PASO DEL MACHO,44965,46061,"AV. PASO DEL MACHO S/N,  FRACCIONAMIENTO MORENO",94970,PASO DEL MACHO,VERACRUZ
179,9,1,1,15,D-I-15,35,COSAMALOAPAN,44967,45698,"NICOLAS BRAVO NUMERO 1002, ENTRE DEMETRIO CAZARIN Y LAS CONCHAS, COLONIA CENTRO",95400,COSAMALOAPAN,VERACRUZ
180,9,1,3,02,D-III-02,19,TIERRA BLANCA,44974,46070,MORELOS ESQUINA AGRARISTA COLONIA HOJA DE MAÍZ,95110,TIERRA BLANCA,VERACRUZ
181,2,2,4,12,D-IV-12,29,NARANJOS,44970,45701,"BENITO JUÁREZ 855, COL. PROGRESO",92380,NARANJOS,VERACRUZ
182,11,2,4,25,D-IV-25,29,MINATITLAN,44974,46070,"QUETZALCÓATL #2, UH. CUALIPAN, COL. NUEVA MINA",96760,MINATITLAN,VERACRUZ
183,11,2,4,19,D-IV-19,29,COATZACOALCOS,44972,46068,"AZAHARES 32, ESQUINA CON JACARANDAS, FOVISSSTE 3",96558,COATZACOALCOS,VERACRUZ
184,3,2,4,10,D-IV-10,29,POZA RICA,44973,44973,NARCISO MENDOZA NO. 112  COL. TAJÍN,93330,POZA RICA,VERACRUZ
185,3,2,4,31,D-IV-31,29,TIHUATLAN,44965,45696,MAESTROS VERACRUZANOS  ESQ. RAFAEL ARREOLA S/N,92900,TIHUATALA,VERACRUZ
186,3,2,4,15,D-IV-15,29,PAPANTLA,44965,46059,"CALLE SALVADOR DÍAZ MIRÓN, ESQUINA DE CARRIL",93400,PAPANTLA,VERACRUZ
187,3,3,5,01,C.T.01,6,PAPANTLA,44967,45698,CENTENARIO #100,93400,PAPANTLA,VERACRUZ
188,11,3,5,30,C.T.30,37,MINATITLÁN,44973,46069,"AV. CONSTITUCIÓN S/N, COL 20 DE NOVIEMBRE",96739,MINATITLÁN,VERACRUZ
189,11,3,5,25,C.T.25,19,ACAYUCAN,44973,46069,"SAN FELIPE DE JESUS 102, FRACCIONAMIENTO SANTA CRUZ",96173,SOCONUSCO,VERACRUZ
190,11,3,5,26,C.T.26,21,ACAYUCAN,44973,46069,OCAMPO SUR # 56,96049,ACAYUCAN,VERACRUZ
228,2,3,5,08,C.T.08,42,TUXPAN,45007,46103,BLVD. MANUEL MAPLES ARCE S/N EJIDO LA CALZADA,92880,TUXPAN,VERACRUZ
237,2,2,4,36,D-IV-36,29,TAMIAHUA,44998,46094,"AV. CUAUTHEMOC #57, COL. DEL VALLE",92875,TUXPAN,VERACRUZ
238,5,1,1,62,D-I-62,27,XALAPA,45009,46106,BENITO JUÁREZ 13,91300,BANDERILLA,VERACRUZ
239,5,1,3,14,D-III-14,19,XALAPA,45009,46105,PRIVADA 18 DE JULIO 2,91140,XALAPA,VERACRUZ
240,5,1,2,02,D-II-02,10,XALAPA,45009,46105,ZONA UNIVERSITARIA,91000,XALAPA,VERACRUZ
241,5,1,3,09,D-III-09,3,XALAPA,45009,46105,XANATH #8 COLONIA ELECTRICISTAS,91060,XALAPA,VERACRUZ
242,5,1,2,56,D-II-56,8,XALAPA,45009,46105,CIRCUITO GONZALO AGUIRRE BELTRÁN S/N,91000,XALAPA,VERACRUZ
243,5,1,1,47,D-I-47,35,LAS VIGAS DE RAMIREZ,45009,46105,CALLE 2 DE ABRIL S/N COLONIA CENTRO,91330,LAS VIGAS DE RAMIREZ,VERACRUZ
245,9,1,3,07,D-III-07,19,ALVARADO,45009,46105,PARQUE 15 DE OCTUBRE S/N,95270,ALVARADO,VERACRUZ
253,6,1,2,05,D-II-05,39,VERACRUZ,45042,46138,CALLE RIO GRIJALVA #212B LAS VEGAS II,94297,BOCA DEL RIO,VERACRUZ
273,9,1,2,30,D-II-30,39,COSAMALOAPAN,45009,46105,PRIMERA PRIVADA 16 DE SEPTIEMBRE N. 114,95420,COSAMALOAPAN,VERACRUZ
274,1,2,4,23,D-IV-23,29,PANUCO,45077,46173,CALLE AYUNTAMIENTO,93998,PANUCO,VERACRUZ
276,11,1,1,82,D-I-82,34,MINATITLÁN,45420,45420,CONOCIDA,0,MINATITLÁN,VERACRUZ
277,7,3,5,02,C.T.02,36,HUATUSCO,45425,46520,EMPTY,0,HUATUSCO,VERACRUZ
280,1,1,2,18,D-II-18,39,CHICONTEPEC,45425,46520,EMPTY,0,CHICONTEPEC,VERACRUZ
281,3,1,1,04,D-I-04,35,ALAMO,45425,46520,EMPTY,0,ALAMO,VERACRUZ
282,10,1,3,19,D-III-19,19,SAN ANDRES TUXTLA,45425,46520,EMPTY,0,SAN ANDRES TUXTLA,VERACRUZ
284,6,3,5,17,C.T.17,41,VERACRUZ,45426,45426,EMPTY,0,VERACRUZ,VERACRUZ
285,6,1,2,40,D-II-40,40,VERACRUZ,45426,45426,EMPTY,0,VERACRUZ,VERACRUZ
286,6,1,2,49,D-II-49,36,VERACRUZ,45009,46105,ESCRITORES MEXICANOS S/N ESQUINA CERVANTES SAAVEDRA,91714,VERACRUZ,VERACRUZ
287,1,2,4,11,D-IV-11,29,TEMPOAL,45426,45426,EMPTY,0,TEMPOAL,VERACRUZ
288,1,2,4,22,D-IV-22,29,CHICONTEPEC,45426,45426,EMPTY,0,CHICONTEPEC,VERACRUZ
289,1,2,4,35,D-IV-35,29,PUEBLO VIEJO,45039,46135,PUEBLO VIEJO,92123,TANTOYUCA,VERACRUZ
290,1,2,4,37,D-IV-37,29,PLATON SANCHEZ,45426,45426,EMPTY,0,PLATON SANCHEZ,VERACRUZ
291,3,1,2,07,D-II-07,37,POZA RICA,45427,45427,EMPTY,0,POZA RICA,VERACRUZ
292,3,1,2,33,D-II-33,39,POZA RICA,45427,45427,EMPTY,0,POZA RICA,VERACRUZ
293,3,2,4,14,D-IV-14,29,ALAMO,45427,45427,"FELIPE ANGELES #123, COL. AVIACION",92730,ALAMO TEMAPACHE,VERACRUZ
294,3,2,4,24,D-IV-24,29,GUTIERREZ ZAMORA,45427,45427,EMPTY,0,GUTIERREZ ZAMORA,VERACRUZ
295,5,3,5,18,C.T.18,23,XALAPA,45427,45427,JUAN ESCUTIA 2,91000,XALAPA,VERACRUZ
296,6,3,5,06,C.T.06,6,CARDEL,44973,45714,CALLE JAZMIN ENTRE ROBLE Y CAOBA COL. VICENTE LOPEZ,91680,CARDEL,VERACRUZ
297,6,3,5,11,C.T.11,16,VERACRUZ,45427,45427,ESTEBAN MORALES COL. CENTRO,91700,VERACRUZ,VERACRUZ
298,6,3,5,15,C.T.15,11,VERACRUZ,45031,46127,"C. ESTEBAN MORALES NO. 490 CENTRO, VER.",91709,VERACRUZ,VERACRUZ
299,6,3,5,22,C.T.22,26,VERACRUZ,45427,45427,EMPTY,0,VERACRUZ,VERACRUZ
300,6,1,2,06,D-II-06,28,VERACRUZ,45427,45427,EMPTY,0,VERACRUZ,VERACRUZ
301,6,1,3,06,D-III-06,19,VERACRUZ,45427,45427,EMPTY,0,VERACRUZ,VERACRUZ
302,6,2,4,01,D-IV-01,29,VERACRUZ,45427,45427,EMPTY,0,VERACRUZ,VERACRUZ
303,6,2,4,27,D-IV-27,29,BOCA DEL RIO,45427,45420,EMPTY,0,BOCA DEL RIO,VERACRUZ
304,6,2,4,30,D-IV-30,29,PIEDRAS NEGRAS,45427,45427,EMPTY,0,PIEDRAS NEGRAS,VERACRUZ
305,8,1,1,27,D-I-27,35,IXTACZOQUITLAN,44966,45331,"NORTE 2, EDIFICIO PARROQUIA 2° PISO DEPT. 4, COL. CENTRO",94300,ORIZABA,VERACRUZ
306,8,1,2,36,D-II-36,37,ORIZABA,43658,44754,EMPTY,0,ORIZABA,VERACRUZ
307,8,1,3,10,D-III-10,19,CIUDAD MENDOZA,44966,46062,EMPTY,0,CIUDAD MENDOZA,VERACRUZ
308,8,2,4,04,D-IV-04,29,CIUDAD MENDOZA,44967,46063,EMPTY,0,CIUDAD MENDOZA,VERACRUZ
309,9,1,1,70,D-I-70,35,TRES VALLES,45009,46105,"ESC. PRIM. ""18 DE MARZO"" CALLE:  BENITO JUÁREZ #102",95300,TRES VALLES,VERACRUZ
310,9,1,2,08,D-II-08,37,COSAMALOAPAN,44965,46061,EMPTY,0,COSAMALOAPAN,VERACRUZ
311,9,1,3,20,D-III-20,19,COSAMALOAPAN,45008,46104,AV MANUEL CARPIO S/N,95400,COSAMALOAPAN DE CARPIO,VERACRUZ
312,9,2,4,29,D-IV-29,29,TIERRA BLANCA,45427,45427,EMPTY,0,TIERRA BLANCA,VERACRUZ
313,9,2,4,34,D-IV-34,29,TLACOTALPAN,44994,46090,AV 5 DE MAYO 89,95460,TLACOTALPAN,VERACRUZ
314,11,1,1,13,D-I-13,35,COATZACOALCOS,45014,46110,"ZARAGOZA 404 ALTOS, COL. CENTRO",96400,COATZACOALCOS,VERACRUZ
315,11,1,2,11,D-II-11,36,COATZACOALCOS,44715,45811,EMPTY,0,COATZACOALCOS,VERACRUZ
316,11,1,2,39,D-II-39,40,ACAYUCAN,45427,45427,EMPTY,0,ACAYUCAN,VERACRUZ
317,11,2,4,20,D-IV-20,29,ACAYUCAN,44971,46067,EMPTY,0,ACAYUCAN,VERACRUZ
318,6,1,1,50,D-I-50,35,SOLEDAD DE DOBLADO,45013,46109,"PROL. FRANCISCO JAVIER MINA, NO. 470. COL. LOS PINOS.",94244,SOLEDAD DE DOBLADO,VERACRUZ
332,6,1,1,73,D-I-73,35,PASO DE OVEJAS,45009,46104,PASO DE OVEJAS,91675,VERACRUZ,VERACRUZ
333,5,3,5,04,C.T.04,39,JACARANDAS,45600,47061,"CALLE 3, NO. 120. FRACC. CINCUENTENARIO",91639,"JACARANDAS, MPIO. E. ZAPATA",VERACRUZ
334,7,3,5,12,C.T.12,39,HUATUSCO,45593,46749,HUATUSCO,94100,HUATUSCO,VERACRUZ
335,7,3,5,16,C.T.16,39,CóRDOBA,45594,46689,AV. 23 CALLE 37 Y 39 # 3705 COLONIA LóPEZ ARIAS,94670,CóRDOBA,VERACRUZ
336,6,1,1,95,D-I-95,35,MANLIO FABIO ALTAMIRANO,45713,46808,MANLIO FABIO ALTAMIRANO,94250,VERACRUZ,VERACRUZ
